post id,hash,rating,tags
1004003,c2342602837cfa2baca65af36500c89e,Questionable,naked;nipples
1004001,b9732c2896ccd61573be237d7fab0c91,Questionable,naked;nipples;wet
1004002,a955be2f00d4e8584b1b062f44829d1e,Safe,pointy ears;seifuku;sweater
1004004,50715d64782fd69bd7859fb93e1ac799,Safe,animal ears;bikini;bunny ears;garter;megane;see through;swimsuits
1004005,93148f7a09601260dccc359d4528fa17,Questionable,bra;open shirt;undressing;yukata
1004007,74c4c0cb501374823331ec3836803c89,Questionable,bikini;swimsuits;wet
1004008,92858c5e9e52762ed4ca320d4e906004,Questionable,bikini;nipples;swimsuits;topless;wet
1004009,f88118005b51eb7751a49cec67e19c52,Questionable,bikini;nipples;swimsuits;topless;wet
1004010,bd6db33910b01b55a774d72b5eae1bdf,Questionable,ass;bikini;feet;penguin;see through;swimsuits;wet
1004006,9637f875c9da942bfe63e1be32670a26,Questionable,breasts;nipples;no bra;open shirt;undressing;yukata
1004011,7b3538736e64f6d651c243f6ad216fa0,Explicit,naked;nipples;pussy;uncensored;wet
1004015,f01900639dcdc413da1d7edc45b16483,Questionable,swimsuits;wet
1004014,a583c271334434d8366a5576d4a6362b,Questionable,breasts;nipples;no bra;nopan;skirt lift;thighhighs
1004013,e2802409406be99a1be0eb50ebf6eea7,Questionable,dress;no bra;nopan;skirt lift;thighhighs
1004012,f880e88b0657d6c72d868ec58ed7d65f,Explicit,naked;nipples;pussy;uncensored;wet
